2024-06-26T18:29:21.698Z,HTTPS://SSI.INC/,access
2024-06-26T18:29:24.347Z,HTTPS://SSI.INC/,access
2024-06-26T18:31:19.991Z,[OBJECT HTMLDIVELEMENT],click
2024-06-26T18:38:15.735Z,[OBJECT HTMLDIVELEMENT],click
2024-06-26T18:40:55.835Z,HTTPS://WWW.GOOGLE.COM/SEARCH?Q=BILL+KNOWLES&RLZ=1C5CHFA_ENUS962US962&OQ=BILL+KNOWLES&GS_LCRP=EGZJAHJVBWUQBWGAEAAYGAQYBWGAEAAYGAQYBWGBEAAYGAQYDQGCEC4YRWEYXWEYGAQYBWGDEAAYGAQYBWGEEAAYGAQYBWGFEAAYGAQYBWGGEAAYGAQYBWGHEAAYGAQYDQGIEAAYHGMYGAQYIGUYDQGJEAAYHGMYGAQYIGXSAQG1OTM3AJBQN6GCALACAA&SOURCEID=CHROME&IE=UTF-8,access
2024-06-26T18:41:01.114Z,[OBJECT HTMLVIDEOELEMENT],click
2024-06-26T18:41:04.639Z,[OBJECT HTMLBODYELEMENT],click
2024-06-26T18:41:13.843Z,HTTPS://WWW.GOOGLE.COM/SEARCH?Q=WILLIAM+KNOWLES&SCA_ESV=F1130F0A4590542D&RLZ=1C5CHFA_ENUS962US962&SXSRF=ADLYWIKPIHV1M43KOZR9ETJBSJNHRPADHW%3A1719427254976&EI=TMB8ZT-CO4W3WN4PMESQQAQ&GS_SSP=EJZJ4TTP1TCWMZGULDJG9OIVZ8ZJYUZMVCJOYY_PSS0GAHDFCTM&OQ=WILLIAM+KNOWLES&GS_LP=EGXND3MTD2L6LXNLCNAID3DPBGXPYW0GA25VD2XLCYOCCAAYCXAUGIAEGJECGIOFMGOQABIABBGUGICCMGUQABIABDIFEAAYGAQYBRAAGIAEMGUQABIABDIFEAAYGAQYBRAAGIAEMGUQABIABDIFEAAYGAQYGHAUGIAEGJECGIOFGJCFGNWEGN4EGOAE2AEDSPG6UABYQIXWANGBKAEBMAHRAAABUG6QAQU3LJGUMBGBA8GBAPGBAZGCEQACHXEOAHDCAGCQIXGNGOOCWGIHEC4YJXJQASICFBAAGIAEGOMEGLQCGOKEGOOC2AEBWGIWEAAYAXI0AHJLAHJQAHIMAXIPADGBASICBBAJGCFCAGOQIXIABBGNGIOFWGIQEAAYGAQYSQMYQXIDARIKBCICCXAAGIAEGLEDGIMBWGIREC4YGAQYSQMY0QMYGWEYXWHCAGOQLHIABBHDGIOFWGIKEC4YGAQYJXIKBCICDRAUGIAEGEMY1AIYIGXCAG0QLHIABBIXAXHDGIOFWGIXEC4YGAQYIGUYLWUY3AQY3GQY4ATYAQPCAGOQABIABBHDGIOFWGILEC4YGAQYSQMYGWHCAG4QLHIABBIXAXJRAXJHACICCBAUGIAEGLEDWGIOEAAYGAQYSQMYGWEYIGXCAGSQLHIABBJHARIVACICDHAUGIAEGJECGLEDGIOFWGIREC4YGAQYKQIYSQMYGWEYIGXCAG4QLHIABBIRAHJUAHIKBCICCXAAGIAEGJECGIOFWGIFEC4YGATCAGGQLHIABBJUASICCHAUGIAEGNQCGAQYAWS6BGYIARABGAG6BGYIAHABGAU6BGYIAXABGBSSBWC5LJGUNY0XOAERRQM&SCLIENT=GWS-WIZ-SERP,access
2024-06-26T18:41:16.042Z,[OBJECT HTMLSPANELEMENT],click
2024-06-26T18:41:17.155Z,HTTPS://EN.WIKIPEDIA.ORG/WIKI/WILLIAM_STANDISH_KNOWLES,access
2024-06-26T18:42:20.007Z,HTTPS://EN.WIKIPEDIA.ORG/WIKI/RY%C5%8DJI_NOYORI,click
2024-06-26T18:42:20.672Z,HTTPS://EN.WIKIPEDIA.ORG/WIKI/RY%C5%8DJI_NOYORI,access
2024-06-26T18:43:35.900Z,HTTPS://EN.WIKIPEDIA.ORG/WIKI/HIDEKI_YUKAWA,access
2024-06-26T18:43:51.107Z,HTTPS://CHATGPT.COM/,access
2024-06-26T18:44:34.659Z,[OBJECT SVGSVGELEMENT],click
2024-06-26T18:44:36.407Z,[OBJECT HTMLTEXTAREAELEMENT],click
2024-06-26T18:44:45.697Z,[OBJECT HTMLBUTTONELEMENT],click
2024-06-26T18:45:10.937Z,[OBJECT HTMLDIVELEMENT],click
2024-06-26T18:45:11.453Z,[OBJECT HTMLTEXTAREAELEMENT],click
2024-06-26T18:50:14.156Z,[OBJECT HTMLDIVELEMENT],click
2024-06-26T18:50:15.016Z,[OBJECT SVGPATHELEMENT],click
2024-06-26T18:52:49.638Z,[OBJECT HTMLLIELEMENT],click
2024-06-26T18:52:50.356Z,[OBJECT SVGSVGELEMENT],click
2024-06-26T18:56:18.965Z,[OBJECT HTMLTEXTAREAELEMENT],click
2024-06-26T18:56:26.349Z,[OBJECT HTMLTEXTAREAELEMENT],click
2024-06-26T18:56:43.382Z,[OBJECT HTMLTEXTAREAELEMENT],click
2024-06-26T18:56:53.015Z,[OBJECT HTMLTEXTAREAELEMENT],click
2024-06-26T18:57:01.248Z,[OBJECT HTMLTEXTAREAELEMENT],click
2024-06-26T19:00:12.733Z,[OBJECT HTMLTEXTAREAELEMENT],click
2024-06-26T19:02:12.356Z,[OBJECT HTMLTEXTAREAELEMENT],click
2024-06-26T19:11:40.733Z,HTTPS://CHATGPT.COM/,click
2024-06-26T19:13:36.700Z,[OBJECT HTMLPARAGRAPHELEMENT],click
2024-06-26T19:13:39.275Z,[OBJECT HTMLTEXTAREAELEMENT],click
2024-06-26T19:13:43.129Z,[OBJECT HTMLTEXTAREAELEMENT],click
2024-06-26T19:13:56.608Z,[OBJECT HTMLTEXTAREAELEMENT],click
2024-06-26T19:17:08.877Z,[OBJECT HTMLLIELEMENT],click
2024-06-26T19:17:12.513Z,HTTPS://WWW.GOOGLE.COM/SEARCH?Q=KSHATRIYAS+PRONUNCIATION&RLZ=1C5CHFA_ENUS962US962&OQ=KSHATRIYAS+PRO&GS_LCRP=EGZJAHJVBWUQBWGAEAAYGAQYBWGAEAAYGAQYBGGBEEUYOTIHCAIQABIABDIICAMQABGWGB4YCAGEEAAYFHGEMGGIBRAAGBYYHJIICAYQABGWGB4YCAGHEAAYFHGEMGOICBAAGA8YFHGEMGOICRAAGA8YFHGEQAIASAIA&SOURCEID=CHROME&IE=UTF-8,access
2024-06-26T19:17:18.478Z,[OBJECT SVGSVGELEMENT],click
2024-06-26T19:17:20.722Z,[OBJECT SVGSVGELEMENT],click
2024-06-26T19:17:47.064Z,[OBJECT HTMLTEXTAREAELEMENT],click
2024-06-26T19:19:51.992Z,[OBJECT HTMLLIELEMENT],click
2024-06-26T19:19:53.281Z,[OBJECT HTMLTEXTAREAELEMENT],click
2024-06-26T19:25:32.826Z,[OBJECT SVGPATHELEMENT],click
2024-06-26T19:26:25.015Z,HTTPS://EN.WIKIPEDIA.ORG/WIKI/GIUSEPPE_OCCHIALINI,click
2024-06-26T19:26:25.879Z,HTTPS://EN.WIKIPEDIA.ORG/WIKI/GIUSEPPE_OCCHIALINI,access
2024-06-26T19:26:46.326Z,[OBJECT HTMLDIVELEMENT],click
2024-06-26T19:28:03.504Z,[OBJECT HTMLTEXTAREAELEMENT],click
2024-06-26T19:28:45.647Z,[OBJECT HTMLVIDEOELEMENT],click
2024-06-26T19:28:51.975Z,[OBJECT HTMLVIDEOELEMENT],click
2024-06-26T19:28:53.230Z,[OBJECT HTMLVIDEOELEMENT],click
2024-06-26T19:29:46.585Z,[OBJECT HTMLDIVELEMENT],click
2024-06-26T19:29:48.330Z,[OBJECT HTMLVIDEOELEMENT],click
2024-06-26T19:29:56.533Z,HTTPS://WWW.NETFLIX.COM/BROWSE,access
2024-06-26T19:30:01.255Z,[OBJECT HTMLBUTTONELEMENT],click
2024-06-26T19:53:30.873Z,[OBJECT HTMLBUTTONELEMENT],click
2024-06-26T19:53:32.987Z,[OBJECT HTMLDIVELEMENT],click
2024-06-26T20:10:09.447Z,HTTPS://WWW.GOOGLE.COM/SEARCH?Q=CONSTRAINED+DECODING&RLZ=1C5CHFA_ENUS962US962&OQ=CONSTRAINED+DECO&GS_LCRP=EGZJAHJVBWUQDAGAECMYJXIABBIKBTIMCAAQIXGNGIAEGIOFMGYIARBFGDKYBWGCEAAYGAQYBWGDEAAYGAQYBWGEEAAYGAQYBWGFEAAYGAQYBWGGEAAYGAQYBWGHEAAYGAQYCAGIEAAYFHGEMGGICRAAGBYYHQGCALACAA&SOURCEID=CHROME&IE=UTF-8,access
2024-06-26T20:10:14.245Z,HTTPS://WWW.AIDANCOOPER.CO.UK/CONSTRAINED-DECODING/,access
2024-06-26T20:10:21.595Z,HTTPS://WWW.AIDANCOOPER.CO.UK/CONSTRAINED-DECODING/#WHAT-ARE-THE-PITFALLS,click
2024-06-26T20:12:48.875Z,HTTPS://CHATGPT.COM/,access
2024-06-26T20:13:36.443Z,[OBJECT HTMLDIVELEMENT],click
2024-06-26T20:13:44.626Z,[OBJECT HTMLULISTELEMENT],click
2024-06-26T20:14:19.356Z,[OBJECT HTMLELEMENT],click
2024-06-26T20:14:19.535Z,[OBJECT HTMLELEMENT],click
2024-06-26T20:14:20.621Z,[OBJECT HTMLDIVELEMENT],click
2024-06-26T20:15:32.560Z,HTTPS://WWW.GOOGLE.COM/SEARCH?Q=PPO+GPT-2&RLZ=1C5CHFA_ENUS962US962&OQ=PPO+GPT-2&GS_LCRP=EGZJAHJVBWUYBGGAEEUYOTIHCAEQIRIGATIHCAIQIRIGATIHCAMQIRIGATIHCAQQIRIGADIBCDCWNTJQMGO3QAIASAIA&SOURCEID=CHROME&IE=UTF-8,access
2024-06-26T20:15:36.560Z,HTTPS://WWW.REDDIT.COM/R/MACHINELEARNING/COMMENTS/120CSUB/P_CHATGPT_WITH_GPT2_A_MINIMUM_EXAMPLE_OF_ALIGNING/,access
2024-06-26T20:15:42.247Z,HTTPS://WWW.GOOGLE.COM/SEARCH?Q=PPO+GPT-2&RLZ=1C5CHFA_ENUS962US962&OQ=PPO+GPT-2&GS_LCRP=EGZJAHJVBWUYBGGAEEUYOTIHCAEQIRIGATIHCAIQIRIGATIHCAMQIRIGATIHCAQQIRIGADIBCDCWNTJQMGO3QAIASAIA&SOURCEID=CHROME&IE=UTF-8,access
2024-06-26T20:15:50.353Z,[OBJECT HTMLTEXTAREAELEMENT],click
2024-06-26T20:15:52.781Z,HTTPS://WWW.GOOGLE.COM/SEARCH?Q=PPO&SCA_ESV=BC51FB84CFCF9CF4&RLZ=1C5CHFA_ENUS962US962&SXSRF=ADLYWIJIXZZYXAOFB2WZBT4A2GWDIODGAA%3A1719432931930&EI=43Z8ZUQ6OPO80PEP-L-AUAM&VED=0AHUKEWIQUP3OIVQGAXVZHJQIHFGFADCQ4DUDCBE&UACT=5&OQ=PPO&GS_LP=EGXND3MTD2L6LXNLCNAIA1BQTZIEECMYJZINEAAYGAQYSQMYQXIKBTILEAAYGAQYKQIYIGUYCXAAGIAEGJECGIOFMG0QABIABBIXAXHDGIOFMGOQABIABBHDGIOFMGOQABIABBHDGIOFMG0QABIABBIXAXHDGIOFMGOQABIABBHDGIOFMG0QABIABBIXAXGUGICCSPEMUPQFWMUKCAF4AJABAJGBAQAB0AGQAQMWLJK4AQPIAQD4AQGYAGOGATKBWGIOEAAYGAQYSAMYHGMYIGXCAGSQABIABBIWAXIIBJGDAIGGAZAGBZIHAZEUMQAHVWW&SCLIENT=GWS-WIZ-SERP,access
2024-06-26T20:15:57.414Z,[OBJECT HTMLTEXTAREAELEMENT],click
2024-06-26T20:16:00.979Z,HTTPS://WWW.GOOGLE.COM/SEARCH?Q=PPO+ALGORITHM&SCA_ESV=BC51FB84CFCF9CF4&RLZ=1C5CHFA_ENUS962US962&SXSRF=ADLYWIINR-BAQYUIJP6HI8P4E2DDCNAECA%3A1719432952091&EI=-HZ8ZSOABFEMM9CPT_A58AE&VED=0AHUKEWJD9SVYIVQGAXV3XUYEHTD7DH4Q4DUDCBE&UACT=5&OQ=PPO+ALGORITHM&GS_LP=EGXND3MTD2L6LXNLCNAIDVBQTYBHBGDVCML0AG0YBRAAGIAEMGUQABIABDIFEAAYGAQYBRAAGIAEMGUQABIABDIFEAAYGAQYBRAAGIAEMGUQABIABDIFEAAYGAQYBRAAGIAESOKVUA5Y8XNWAXGBKAEAMAGYAAABWAEQAQM3LJO4AQPIAQD4AQGYAGUGATWHWGIHECMYSAMYJ8ICCHAAGLADGNYEGEFCAG0QABIABBIWAXHDGIOFWGIEECMYJ8ICDRAAGIAEGLEDGEMYIGXCAGOQABIABBHDGIOFWGINEAAYGAQYSQMYFBIHASICCBAAGIAEGLEDWGIKEAAYGAQYFBIHAPGDAIGGAZAGCPIHAZGUM6AH4JQ&SCLIENT=GWS-WIZ-SERP,access
2024-06-26T20:16:02.796Z,HTTPS://EN.WIKIPEDIA.ORG/WIKI/PROXIMAL_POLICY_OPTIMIZATION,access
2024-06-26T20:18:50.560Z,HTTPS://CHATGPT.COM/,access
2024-06-26T20:20:41.858Z,[OBJECT HTMLTEXTAREAELEMENT],click
2024-06-26T22:31:58.560Z,HTTPS://CHATGPT.COM/,access
2024-06-26T22:32:07.894Z,[OBJECT HTMLDIVELEMENT],click
2024-06-26T22:32:08.904Z,[OBJECT HTMLTEXTAREAELEMENT],click
2024-06-26T22:32:14.204Z,[OBJECT HTMLTEXTAREAELEMENT],click
2024-06-26T22:34:53.561Z,[OBJECT HTMLDIVELEMENT],click
2024-06-26T22:37:04.659Z,[OBJECT HTMLTEXTAREAELEMENT],click
2024-06-26T22:38:28.484Z,[OBJECT HTMLELEMENT],click
2024-06-26T22:41:11.651Z,[OBJECT HTMLTEXTAREAELEMENT],click
2024-06-26T22:42:03.956Z,[OBJECT HTMLDIVELEMENT],click
2024-06-26T22:42:10.183Z,HTTPS://GETADBLOCK.COM/EN/UPDATE/LATEST/?S=IPMNT&U=U9S6FDCT21329465&BC=1280376,access
2024-06-26T22:43:57.571Z,[OBJECT HTMLTEXTAREAELEMENT],click
2024-06-26T22:43:58.062Z,[OBJECT HTMLDIVELEMENT],click
2024-06-26T22:44:02.398Z,[OBJECT HTMLTEXTAREAELEMENT],click
2024-06-26T22:45:02.671Z,[OBJECT HTMLDIVELEMENT],click
2024-06-26T22:45:15.997Z,[OBJECT HTMLDIVELEMENT],click
2024-06-26T22:45:17.480Z,[OBJECT HTMLTEXTAREAELEMENT],click
2024-06-26T22:46:43.486Z,[OBJECT HTMLDIVELEMENT],click
2024-06-26T22:46:43.946Z,[OBJECT HTMLTEXTAREAELEMENT],click
2024-06-26T22:47:22.799Z,[OBJECT HTMLDIVELEMENT],click
2024-06-26T22:47:23.562Z,[OBJECT HTMLTEXTAREAELEMENT],click
2024-06-26T22:54:03.122Z,HTTPS://CHATGPT.COM/,click
2024-06-26T22:54:59.475Z,[OBJECT HTMLBUTTONELEMENT],click
2024-06-26T22:55:00.644Z,[OBJECT HTMLDIVELEMENT],click
2024-06-26T22:55:06.238Z,[OBJECT SVGSVGELEMENT],click
2024-06-26T22:55:35.357Z,[OBJECT HTMLDIVELEMENT],click
2024-06-26T22:55:38.777Z,HTTPS://CHATGPT.COM/C/01FE0488-0EBB-493D-AD70-B8378CDFF319,click
2024-06-26T22:55:39.450Z,[OBJECT HTMLDIVELEMENT],click
2024-06-26T22:56:44.875Z,HTTPS://CHATGPT.COM/C/7A605EAC-E516-436C-AD86-798FDB30AF16,click
2024-06-26T22:56:55.891Z,[OBJECT HTMLTEXTAREAELEMENT],click
2024-06-26T22:57:55.367Z,[OBJECT HTMLTEXTAREAELEMENT],click
2024-06-26T22:58:26.712Z,[OBJECT HTMLTEXTAREAELEMENT],click
2024-06-26T22:59:53.302Z,[OBJECT HTMLDIVELEMENT],click
2024-06-26T23:00:06.492Z,[OBJECT HTMLTEXTAREAELEMENT],click
2024-06-26T23:47:51.962Z,HTTPS://MONKEYTYPE.COM/,access
2024-06-26T23:48:25.815Z,HTTPS://MONKEYTYPE.COM/,access
2024-06-26T23:48:50.659Z,HTTPS://MONKEYTYPE.COM/,access
2024-06-26T23:48:58.879Z,HTTPS://WWW.YOUTUBE.COM/,access
2024-06-26T23:50:40.122Z,HTTPS://WWW.GOOGLE.COM/SEARCH?Q=MATT+PARKER&RLZ=1C5CHFA_ENUS962US962&OQ=MATT+PARK&GS_LCRP=EGZJAHJVBWUQDQGAEAAY4WIYSQMYGAQYDQGAEAAY4WIYSQMYGAQYCGGBEC4YSQMYGAQYCGGCEC4Y1AIYGAQYCGGDEC4Y1AIYGAQYBGGEEEUYOTIHCAUQABIABDIKCAYQLHJUAHIABDIKCACQLHJUAHIABDIHCAGQABIABDIHCAKQABIABKGCALACAA&SOURCEID=CHROME&IE=UTF-8,access
2024-06-26T23:50:42.630Z,[OBJECT HTMLSPANELEMENT],click
2024-06-26T23:50:44.381Z,HTTPS://EN.WIKIPEDIA.ORG/WIKI/MATT_PARKER,access
2024-06-26T23:51:20.487Z,[OBJECT HTMLDIVELEMENT],click
2024-06-26T23:52:02.755Z,HTTPS://WWW.GOOGLE.COM/SEARCH?Q=5G&RLZ=1C5CHFA_ENUS962US962&OQ=5G&GS_LCRP=EGZJAHJVBWUYDAGAEEUYORIXAXIABDIMCAEQIXGNGIAEGIOFMGOIAHAAGLEDGIAEMGOIAXAAGLEDGIAEMGOIBBAAGLEDGIAEMGCIBRAAGIAEMGOIBHAAGLEDGIAEMGYIBXBFGDZSAQGXNJGZAJBQN6GCALACAA&SOURCEID=CHROME&IE=UTF-8,access
2024-06-26T23:52:04.287Z,[OBJECT HTMLSPANELEMENT],click
2024-06-26T23:52:05.028Z,HTTPS://EN.WIKIPEDIA.ORG/WIKI/5G,access
2024-06-26T23:52:14.515Z,HTTPS://EN.WIKIPEDIA.ORG/WIKI/6G,click
2024-06-26T23:52:14.998Z,HTTPS://EN.WIKIPEDIA.ORG/WIKI/6G,access
2024-06-26T23:52:26.158Z,HTTPS://EN.WIKIPEDIA.ORG/WIKI/5G,access
2024-06-26T23:52:51.225Z,HTTPS://EN.WIKIPEDIA.ORG/WIKI/2G,click
2024-06-26T23:52:51.867Z,HTTPS://EN.WIKIPEDIA.ORG/WIKI/2G,access
2024-06-26T23:55:28.486Z,[OBJECT HTMLDIVELEMENT],click
2024-06-27T00:05:30.042Z,[OBJECT HTMLDIVELEMENT],click
2024-06-27T00:05:35.576Z,[OBJECT HTMLDIVELEMENT],click
2024-06-27T00:05:54.174Z,[OBJECT HTMLDIVELEMENT],click
2024-06-27T00:10:50.921Z,[OBJECT HTMLDIVELEMENT],click
2024-06-27T00:11:31.045Z,HTTPS://WWW.YOUTUBE.COM/,access
2024-06-27T00:13:12.226Z,[OBJECT HTMLDIVELEMENT],click
2024-06-27T00:13:32.598Z,HTTPS://WWW.YOUTUBE.COM/,access
2024-06-27T00:13:47.697Z,HTTPS://WWW.YOUTUBE.COM/WATCH?V=GJ0O8M5LBBK,access
2024-06-27T00:29:30.568Z,[OBJECT HTMLVIDEOELEMENT],click
2024-06-27T00:54:44.250Z,HTTPS://MONKEYTYPE.COM/,access
2024-06-27T00:54:52.280Z,HTTPS://CHATGPT.COM/C/80AD4DB6-8D7E-49F8-987F-06A57F9AD111,access
2024-06-27T01:05:25.420Z,HTTPS://CHATGPT.COM/,access
2024-06-27T01:05:47.109Z,[OBJECT SVGSVGELEMENT],click
2024-06-27T01:05:48.367Z,[OBJECT HTMLDIVELEMENT],click
2024-06-27T01:05:49.953Z,[OBJECT SVGSVGELEMENT],click
2024-06-27T01:06:11.041Z,[OBJECT HTMLDIVELEMENT],click
2024-06-27T01:06:39.437Z,[OBJECT HTMLDIVELEMENT],click
2024-06-27T01:08:39.003Z,[OBJECT HTMLTEXTAREAELEMENT],click
2024-06-27T01:08:55.931Z,[OBJECT HTMLDIVELEMENT],click
2024-06-27T01:09:11.203Z,[OBJECT HTMLDIVELEMENT],click
2024-06-27T01:10:03.801Z,[OBJECT HTMLTEXTAREAELEMENT],click
2024-06-27T01:11:01.603Z,[OBJECT HTMLTEXTAREAELEMENT],click
2024-06-27T01:13:09.090Z,[OBJECT HTMLTEXTAREAELEMENT],click
2024-06-27T01:14:30.790Z,[OBJECT HTMLTEXTAREAELEMENT],click
2024-06-27T01:16:04.827Z,HTTPS://WWW.GOOGLE.COM/SEARCH?Q=STABLE+BASELINES3&RLZ=1C5CHFA_ENUS962US962&OQ=STABLE+BASEL&GS_LCRP=EGZJAHJVBWUQBWGAEAAYGAQYBWGAEAAYGAQYBGGBEEUYOTIHCAIQABIABDIHCAMQABIABDIHCAQQABIABDIHCAUQABIABDIHCAYQABIABDIHCACQABIABDIHCAGQABIABDIHCAKQABIABKGCALACAA&SOURCEID=CHROME&IE=UTF-8,access
2024-06-27T01:16:08.225Z,HTTPS://STABLE-BASELINES3.READTHEDOCS.IO/EN/MASTER/,access
2024-06-27T01:17:43.481Z,[OBJECT HTMLTEXTAREAELEMENT],click
2024-06-27T01:22:13.907Z,[OBJECT SVGSVGELEMENT],click
2024-06-27T01:22:16.857Z,[OBJECT HTMLDIVELEMENT],click
2024-06-27T01:23:26.627Z,[OBJECT SVGSVGELEMENT],click
2024-06-27T01:24:04.051Z,HTTPS://CHATGPT.COM/,access
2024-06-27T01:24:06.873Z,[OBJECT HTMLDIVELEMENT],click
2024-06-27T01:24:08.867Z,[OBJECT HTMLDIVELEMENT],click
2024-06-27T01:24:09.222Z,[OBJECT HTMLDIVELEMENT],click
2024-06-27T01:25:48.511Z,[OBJECT HTMLDIVELEMENT],click
2024-06-27T01:25:50.314Z,[OBJECT SVGSVGELEMENT],click
2024-06-27T01:25:51.853Z,[OBJECT HTMLDIVELEMENT],click
2024-06-27T01:25:56.414Z,[OBJECT HTMLDIVELEMENT],click
2024-06-27T01:25:58.131Z,[OBJECT HTMLDIVELEMENT],click
2024-06-27T01:26:01.694Z,[OBJECT SVGSVGELEMENT],click
2024-06-27T01:26:02.800Z,[OBJECT HTMLDIVELEMENT],click
2024-06-27T01:26:09.892Z,[OBJECT SVGSVGELEMENT],click
2024-06-27T01:26:10.949Z,[OBJECT HTMLDIVELEMENT],click
2024-06-27T01:26:53.838Z,HTTPS://WWW.GOOGLE.COM/SEARCH?Q=CHAT+GPT+DOWN&RLZ=1C5CHFA_ENUS962US962&OQ=CHAT+GPT+DOW&GS_LCRP=EGZJAHJVBWUQCGGAEAAYSQMYGAQYCGGAEAAYSQMYGAQYBGGBEEUYOTIHCAIQABIABDIJCAMQABGKGIAEMGCIBBAAGIAEMGCIBRAAGIAEMGCIBHAAGIAEMGCIBXAAGIAEMGCICBAAGIAEMGCICRAAGIAEQAIASAIA&SOURCEID=CHROME&IE=UTF-8,access
2024-06-27T01:26:57.566Z,HTTPS://STATUS.OPENAI.COM/,access
2024-06-27T01:46:22.047Z,HTTPS://STATUS.OPENAI.COM/,access
2024-06-27T02:00:22.037Z,HTTPS://STATUS.OPENAI.COM/,access
2024-06-27T02:14:22.295Z,HTTPS://STATUS.OPENAI.COM/,access
2024-06-27T02:41:59.664Z,[OBJECT HTMLDIVELEMENT],click
2024-06-27T02:42:04.968Z,[OBJECT SVGSVGELEMENT],click
2024-06-27T02:42:07.262Z,[OBJECT HTMLBUTTONELEMENT],click
2024-06-27T02:42:29.341Z,HTTPS://WWW.YOUTUBE.COM/,access
2024-06-27T02:43:20.984Z,HTTPS://CHATGPT.COM/,access
2024-06-27T02:44:36.889Z,[OBJECT HTMLTEXTAREAELEMENT],click
2024-06-27T02:46:11.641Z,[OBJECT HTMLTEXTAREAELEMENT],click
2024-06-27T02:46:42.240Z,[OBJECT HTMLELEMENT],click
2024-06-27T02:46:45.384Z,[OBJECT HTMLDIVELEMENT],click
2024-06-27T02:46:45.798Z,[OBJECT HTMLELEMENT],click
2024-06-27T02:51:15.203Z,HTTPS://CHATGPT.COM/,click
2024-06-27T02:53:35.159Z,[OBJECT HTMLTEXTAREAELEMENT],click
2024-06-27T03:04:23.444Z,[OBJECT HTMLTEXTAREAELEMENT],click
2024-06-27T03:07:25.888Z,[OBJECT HTMLDIVELEMENT],click
2024-06-27T03:07:26.839Z,[OBJECT HTMLDIVELEMENT],click
2024-06-27T03:07:36.377Z,[OBJECT HTMLDIVELEMENT],click
2024-06-27T03:07:38.101Z,[OBJECT HTMLBUTTONELEMENT],click
2024-06-27T03:12:11.624Z,[OBJECT HTMLDIVELEMENT],click
2024-06-27T03:12:11.957Z,[OBJECT HTMLDIVELEMENT],click
2024-06-27T03:12:14.378Z,[OBJECT HTMLELEMENT],click
2024-06-27T03:12:14.758Z,[OBJECT HTMLSPANELEMENT],click
2024-06-27T03:12:39.580Z,[OBJECT HTMLTEXTAREAELEMENT],click
2024-06-27T03:13:42.274Z,[OBJECT HTMLDIVELEMENT],click
2024-06-27T03:13:43.569Z,[OBJECT HTMLTEXTAREAELEMENT],click
2024-06-27T03:13:54.519Z,[OBJECT HTMLTEXTAREAELEMENT],click
2024-06-27T03:13:58.544Z,[OBJECT HTMLTEXTAREAELEMENT],click
2024-06-27T03:14:05.997Z,[OBJECT HTMLTEXTAREAELEMENT],click
2024-06-27T03:14:14.110Z,[OBJECT HTMLTEXTAREAELEMENT],click
2024-06-27T03:14:23.198Z,[OBJECT HTMLTEXTAREAELEMENT],click
2024-06-27T03:14:24.959Z,[OBJECT HTMLTEXTAREAELEMENT],click
2024-06-27T03:15:05.706Z,[OBJECT HTMLDIVELEMENT],click
2024-06-27T03:17:33.968Z,[OBJECT HTMLTEXTAREAELEMENT],click
2024-06-27T03:18:10.877Z,[OBJECT HTMLDIVELEMENT],click
2024-06-27T03:18:12.040Z,[OBJECT HTMLELEMENT],click
2024-06-27T03:18:19.246Z,[OBJECT HTMLDIVELEMENT],click
2024-06-27T03:20:27.604Z,[OBJECT HTMLTEXTAREAELEMENT],click
2024-06-27T03:24:09.831Z,[OBJECT HTMLDIVELEMENT],click
2024-06-27T03:24:12.167Z,[OBJECT HTMLELEMENT],click
2024-06-27T03:24:15.233Z,[OBJECT HTMLSPANELEMENT],click
2024-06-27T03:24:16.051Z,[OBJECT HTMLSPANELEMENT],click
2024-06-27T03:28:31.505Z,[OBJECT HTMLLIELEMENT],click
2024-06-27T03:29:30.403Z,[OBJECT HTMLTEXTAREAELEMENT],click
2024-06-27T03:31:27.247Z,[OBJECT HTMLDIVELEMENT],click
2024-06-27T03:31:34.220Z,[OBJECT HTMLTEXTAREAELEMENT],click
2024-06-27T03:31:34.669Z,[OBJECT HTMLDIVELEMENT],click
2024-06-27T03:31:36.086Z,[OBJECT HTMLTEXTAREAELEMENT],click
2024-06-27T03:32:47.922Z,[OBJECT HTMLELEMENT],click
2024-06-27T03:36:38.468Z,[OBJECT HTMLTEXTAREAELEMENT],click
2024-06-27T03:38:29.830Z,[OBJECT HTMLDIVELEMENT],click
2024-06-27T03:40:31.842Z,[OBJECT HTMLELEMENT],click
2024-06-27T03:44:33.270Z,[OBJECT HTMLTEXTAREAELEMENT],click
2024-06-27T03:45:56.805Z,[OBJECT HTMLDIVELEMENT],click
2024-06-27T03:48:36.568Z,[OBJECT HTMLTEXTAREAELEMENT],click
2024-06-27T03:54:13.699Z,[OBJECT HTMLTEXTAREAELEMENT],click
2024-06-27T03:54:14.224Z,[OBJECT HTMLDIVELEMENT],click
2024-06-27T03:55:14.153Z,[OBJECT HTMLDIVELEMENT],click
2024-06-27T04:19:19.970Z,[OBJECT HTMLTEXTAREAELEMENT],click
2024-06-27T04:19:20.325Z,[OBJECT HTMLDIVELEMENT],click
2024-06-27T04:19:27.951Z,[OBJECT HTMLDIVELEMENT],click
2024-06-27T04:19:33.204Z,[OBJECT HTMLTEXTAREAELEMENT],click
2024-06-27T04:19:42.899Z,[OBJECT HTMLTEXTAREAELEMENT],click
2024-06-27T04:21:03.456Z,[OBJECT HTMLDIVELEMENT],click
2024-06-27T04:21:52.502Z,HTTPS://WWW.NETFLIX.COM/BROWSE,access
2024-06-27T04:21:55.547Z,HTTPS://WWW.GOOGLE.COM/SEARCH?Q=NEW+YORK+TIMES&RLZ=1C5CHFA_ENUS962US962&OQ=NEW+YORK+TIMES&GS_LCRP=EGZJAHJVBWUYDAGAEEUYORIXAXIABDIKCAEQABIXAXIABDIKCAIQLHIXAXIABDIKCAMQABIXAXIABDIKCAQQABIXAXIABDIGCAUQRRG8MGYIBHBFGDWYBGGHEEUYPNIBCDU3MDLQMGO3QAIASAIA&SOURCEID=CHROME&IE=UTF-8,access
2024-06-27T04:21:59.961Z,HTTPS://WWW.NYTIMES.COM/,access
2024-06-27T04:22:04.666Z,HTTPS://OUTLOOK.OFFICE.COM/MAIL/,access
2024-06-27T04:22:14.268Z,HTTPS://LICHESS.ORG/,access
2024-06-27T04:22:23.909Z,HTTPS://OUTLOOK.OFFICE.COM/MAIL/,access
2024-06-27T04:22:28.446Z,HTTPS://ITINERARIUM.GITHUB.IO/PHONEME-SYNTHESIS/,access
2024-06-27T04:26:13.421Z,[OBJECT HTMLTEXTAREAELEMENT],click
2024-06-27T04:30:52.219Z,[OBJECT HTMLDIVELEMENT],click
2024-06-27T04:31:03.429Z,[OBJECT HTMLDIVELEMENT],click
2024-06-27T04:31:04.511Z,[OBJECT HTMLDIVELEMENT],click
2024-06-27T04:31:21.085Z,[OBJECT HTMLTEXTAREAELEMENT],click
2024-06-27T04:31:48.743Z,[OBJECT HTMLDIVELEMENT],click
2024-06-27T04:31:51.110Z,[OBJECT HTMLDIVELEMENT],click
2024-06-27T04:32:53.947Z,[OBJECT HTMLTEXTAREAELEMENT],click
2024-06-27T04:33:12.477Z,[OBJECT HTMLTEXTAREAELEMENT],click
2024-06-27T04:33:33.207Z,[OBJECT HTMLDIVELEMENT],click
2024-06-27T04:34:00.311Z,[OBJECT HTMLDIVELEMENT],click
2024-06-27T04:34:57.594Z,[OBJECT HTMLDIVELEMENT],click
2024-06-27T04:35:00.304Z,[OBJECT HTMLDIVELEMENT],click
2024-06-27T04:35:29.010Z,[OBJECT HTMLELEMENT],click
2024-06-27T04:35:29.822Z,[OBJECT HTMLELEMENT],click
2024-06-27T04:35:31.675Z,[OBJECT HTMLELEMENT],click
2024-06-27T04:35:33.929Z,[OBJECT HTMLTEXTAREAELEMENT],click
2024-06-27T04:36:02.977Z,[OBJECT HTMLSPANELEMENT],click
2024-06-27T04:36:03.767Z,[OBJECT HTMLDIVELEMENT],click
2024-06-27T04:36:05.992Z,[OBJECT HTMLSPANELEMENT],click
2024-06-27T04:36:15.862Z,[OBJECT HTMLDIVELEMENT],click
2024-06-27T04:36:18.276Z,[OBJECT HTMLELEMENT],click
2024-06-27T04:37:19.609Z,HTTPS://WWW.GOOGLE.COM/SEARCH?Q=REGEX&RLZ=1C5CHFA_ENUS962US962&OQ=REGEX+&GS_LCRP=EGZJAHJVBWUYBGGAEEUYOTIMCAEQABHDGIAEGIOFMG8IAHAAGEMYSQMYGAQYIGUYDAGDEAAYQXIABBIKBTIMCAQQABHDGIAEGIOFMGWIBRAAGEMYGAQYIGUYDAGGEAAYQXIABBIKBTIMCACQABHDGIAEGIOFMGWICBAAGEMYGAQYIGUYDAGJEAAYQXIABBIKBDIBCDU2ODDQMGO3QAIASAIA&SOURCEID=CHROME&IE=UTF-8,access
2024-06-27T04:37:22.658Z,HTTPS://REGEXR.COM/,access
2024-06-27T04:37:26.119Z,[OBJECT HTMLDIVELEMENT],click
2024-06-27T04:37:26.966Z,[OBJECT HTMLSPANELEMENT],click
2024-06-27T04:37:27.418Z,[OBJECT HTMLDIVELEMENT],click
2024-06-27T04:37:50.849Z,[OBJECT HTMLPREELEMENT],click
2024-06-27T04:38:13.624Z,[OBJECT HTMLSPANELEMENT],click
2024-06-27T04:38:17.183Z,[OBJECT HTMLDIVELEMENT],click
2024-06-27T04:39:03.726Z,[OBJECT HTMLTEXTAREAELEMENT],click
2024-06-27T04:39:04.384Z,[OBJECT HTMLTEXTAREAELEMENT],click
2024-06-27T04:39:54.556Z,[OBJECT HTMLELEMENT],click
2024-06-27T04:48:54.625Z,HTTPS://CHATGPT.COM/,access
2024-06-27T04:52:08.675Z,[OBJECT HTMLTEXTAREAELEMENT],click
2024-06-27T04:52:31.878Z,[OBJECT HTMLTEXTAREAELEMENT],click
2024-06-27T04:53:31.008Z,[OBJECT HTMLTEXTAREAELEMENT],click
2024-06-27T04:53:31.485Z,[OBJECT HTMLTEXTAREAELEMENT],click
2024-06-27T04:53:41.291Z,[OBJECT HTMLDIVELEMENT],click
2024-06-27T04:53:46.703Z,[OBJECT HTMLDIVELEMENT],click
2024-06-27T04:53:48.714Z,[OBJECT HTMLDIVELEMENT],click
2024-06-27T05:00:14.695Z,[OBJECT HTMLDIVELEMENT],click
2024-06-27T05:17:08.674Z,HTTPS://WWW.GOOGLE.COM/SEARCH?Q=REINFORCEMENT+LEARNING+WITH+HUMAN+FEEDBACK&RLZ=1C5CHFA_ENUS962US962&OQ=REINFORCEMENT+LEARNING+WITH&GS_LCRP=EGZJAHJVBWUQDAGAECMYJXIABBIKBTIMCAAQIXGNGIAEGIOFMGYIARBFGDKYBWGCEAAYGAQYBWGDEAAYGAQYBWGEEAAYGAQYBWGFEAAYGAQYBWGGEAAYGAQYBGGHEEUYPAGCALACAA&SOURCEID=CHROME&IE=UTF-8,access
2024-06-27T05:17:16.525Z,HTTPS://GEMINI.GOOGLE.COM/APP,access
2024-06-27T05:19:18.975Z,[OBJECT HTMLPARAGRAPHELEMENT],click
2024-06-27T05:20:24.552Z,[OBJECT HTMLBUTTONELEMENT],click
2024-06-27T05:20:46.158Z,HTTPS://WWW.GOOGLE.COM/SEARCH?Q=CONSTRAINED+DECODING&RLZ=1C5CHFA_ENUS962US962&OQ=CONSTRAINED+DECO&GS_LCRP=EGZJAHJVBWUQDAGAECMYJXIABBIKBTIMCAAQIXGNGIAEGIOFMGYIARBFGDKYBWGCEAAYGAQYBWGDEAAYGAQYBWGEEAAYGAQYBWGFEAAYGAQYBWGGEAAYGAQYBWGHEAAYGAQYCAGIEAAYFHGEMGGICRAAGBYYHQGCALACAA&SOURCEID=CHROME&IE=UTF-8,access
2024-06-27T05:20:50.535Z,HTTPS://WWW.AIDANCOOPER.CO.UK/CONSTRAINED-DECODING/,access
2024-06-27T05:23:33.183Z,HTTPS://WWW.GOOGLE.COM/SEARCH?Q=CONSTRAINED+DECODING&RLZ=1C5CHFA_ENUS962US962&OQ=CONSTRAINED+DECO&GS_LCRP=EGZJAHJVBWUQDAGAECMYJXIABBIKBTIMCAAQIXGNGIAEGIOFMGYIARBFGDKYBWGCEAAYGAQYBWGDEAAYGAQYBWGEEAAYGAQYBWGFEAAYGAQYBWGGEAAYGAQYBWGHEAAYGAQYCAGIEAAYFHGEMGGICRAAGBYYHQGCALACAA&SOURCEID=CHROME&IE=UTF-8,access
2024-06-27T05:23:37.652Z,HTTPS://ARXIV.ORG/ABS/2305.13971,access
2024-06-27T05:23:43.851Z,HTTPS://WWW.GOOGLE.COM/SEARCH?Q=CONSTRAINED+DECODING&RLZ=1C5CHFA_ENUS962US962&OQ=CONSTRAINED+DECO&GS_LCRP=EGZJAHJVBWUQDAGAECMYJXIABBIKBTIMCAAQIXGNGIAEGIOFMGYIARBFGDKYBWGCEAAYGAQYBWGDEAAYGAQYBWGEEAAYGAQYBWGFEAAYGAQYBWGGEAAYGAQYBWGHEAAYGAQYCAGIEAAYFHGEMGGICRAAGBYYHQGCALACAA&SOURCEID=CHROME&IE=UTF-8,access
2024-06-27T05:25:57.014Z,[OBJECT HTMLBUTTONELEMENT],click
2024-06-27T05:27:50.453Z,[OBJECT HTMLBUTTONELEMENT],click
2024-06-27T05:28:21.913Z,[OBJECT HTMLDIVELEMENT],click
2024-06-27T05:28:41.115Z,[OBJECT HTMLBUTTONELEMENT],click
2024-06-27T05:29:11.458Z,[OBJECT HTMLULISTELEMENT],click
2024-06-27T05:29:13.587Z,[OBJECT HTMLLIELEMENT],click
2024-06-27T05:29:15.458Z,[OBJECT HTMLLIELEMENT],click
2024-06-27T05:29:16.872Z,[OBJECT HTMLPARAGRAPHELEMENT],click
2024-06-27T05:29:53.465Z,HTTPS://WWW.GOOGLE.COM/SEARCH?Q=ZERO+SHOT+LEARNING&RLZ=1C5CHFA_ENUS962US962&OQ=ZERO+SHOT+LEARNING&GS_LCRP=EGZJAHJVBWUQCGGAEAAYSQMYGAQYCGGAEAAYSQMYGAQYBWGBEAAYGAQYBWGCEAAYGAQYBWGDEAAYGAQYBWGEEAAYGAQYBWGFEAAYGAQYBWGGEAAYGAQYBWGHEAAYGAQYBWGIEAAYGAQYBWGJEAAYGATSAQGYMJYZAJBQN6GCALACAA&SOURCEID=CHROME&IE=UTF-8,access
2024-06-27T05:29:56.748Z,HTTPS://WWW.IBM.COM/TOPICS/ZERO-SHOT-LEARNING,access
2024-06-27T05:31:22.394Z,[OBJECT HTMLBUTTONELEMENT],click
2024-06-27T05:32:24.270Z,[OBJECT HTMLBUTTONELEMENT],click
2024-06-27T05:33:32.313Z,[OBJECT HTMLBUTTONELEMENT],click
2024-06-27T05:34:01.669Z,HTTPS://WWW.GOOGLE.COM/SEARCH?Q=ZERO+SHOT+LEARNING&RLZ=1C5CHFA_ENUS962US962&OQ=ZERO+SH&GS_LCRP=EGZJAHJVBWUQDAGAECMYJXIABBIKBTIMCAAQIXGNGIAEGIOFMGYIARBFGDKYEGGCEC4YCHJHARIXAXJRAXIABDIHCAMQABIABDIHCAQQABIABDIHCAUQABIABDIMCAYQABHDGIAEGIOFMGYIBXAFGECOAGCWAGA&SOURCEID=CHROME&IE=UTF-8,access
2024-06-27T05:34:11.663Z,HTTPS://EN.WIKIPEDIA.ORG/WIKI/ZERO-SHOT_LEARNING,access
2024-06-27T06:19:25.786Z,HTTPS://WWW.YOUTUBE.COM/,access
2024-06-27T06:19:30.625Z,HTTPS://WWW.YOUTUBE.COM/WATCH?V=EZTANLFXTRU,access
2024-06-27T06:19:33.171Z,[OBJECT HTMLINPUTELEMENT],click
2024-06-27T06:24:40.551Z,[OBJECT HTMLVIDEOELEMENT],click
2024-06-27T06:24:59.865Z,HTTPS://WWW.YOUTUBE.COM/WATCH?V=M0B_D2JGZGY,access
2024-06-27T06:25:49.433Z,[OBJECT HTMLDIVELEMENT],click
2024-06-27T06:27:08.978Z,[OBJECT HTMLDIVELEMENT],click
2024-06-27T06:47:19.373Z,[OBJECT HTMLINPUTELEMENT],click
2024-06-27T06:48:45.454Z,[OBJECT HTMLDIVELEMENT],click
2024-06-27T06:55:51.488Z,[OBJECT HTMLELEMENT],click
2024-06-27T06:58:08.247Z,[OBJECT HTMLDIVELEMENT],click
2024-06-27T07:00:16.841Z,HTTPS://WWW.YOUTUBE.COM/WATCH?V=CMNBL6QVDOM,access
2024-06-27T07:00:18.406Z,[OBJECT HTMLDIVELEMENT],click
2024-06-27T07:00:20.616Z,[OBJECT HTMLBUTTONELEMENT],click
2024-06-27T07:00:25.658Z,[OBJECT HTMLHTMLELEMENT],click
2024-06-27T07:02:08.483Z,[OBJECT HTMLDIVELEMENT],click
2024-06-27T07:04:56.257Z,[OBJECT HTMLVIDEOELEMENT],click
2024-06-27T07:05:04.719Z,[OBJECT HTMLVIDEOELEMENT],click
2024-06-27T07:07:11.261Z,HTTPS://WWW.GOOGLE.COM/SEARCH?Q=TJ+MILLER&RLZ=1C5CHFA_ENUS962US962&OQ=TJ+MIL&GS_LCRP=EGZJAHJVBWUQCGGAEAAY4WIYGAQYCGGAEAAY4WIYGAQYBWGBEC4YGAQYBGGCEEUYOTIHCAMQABIABDIHCAQQABIABDIHCAUQABIABDIHCAYQLHIABDIHCACQABIABDIHCAGQABIABDIHCAKQABIPAQGCALACAA&SOURCEID=CHROME&IE=UTF-8,access
2024-06-27T07:07:15.893Z,HTTPS://EN.WIKIPEDIA.ORG/WIKI/T.J._MILLER,access
2024-06-27T07:13:19.149Z,[OBJECT HTMLBUTTONELEMENT],click
2024-06-27T07:13:54.102Z,[OBJECT HTMLDIVELEMENT],click
2024-06-27T07:14:14.753Z,[OBJECT HTMLDIVELEMENT],click
2024-06-27T07:14:29.469Z,HTTPS://WWW.GOOGLE.COM/SEARCH?Q=JIMMY+O.+YANG&RLZ=1C5CHFA_ENUS962US962&OQ=JIMMY+O.+YANG&GS_LCRP=EGZJAHJVBWUQCGGAEAAY4WIYGAQYCGGAEAAY4WIYGAQYBWGBEC4YGAQYBWGCEAAYGAQYBWGDEC4YGAQYBWGEEAAYGAQYBWGFEAAYGAQYBWGGEC4YGAQYBWGHEAAYGAQYBWGIEAAYGAQYBWGJEAAYGASOAGCWAGA&SOURCEID=CHROME&IE=UTF-8,access
2024-06-27T07:14:31.701Z,[OBJECT HTMLSPANELEMENT],click
2024-06-27T07:14:33.782Z,HTTPS://EN.WIKIPEDIA.ORG/WIKI/JIMMY_O._YANG,access
2024-06-27T07:15:13.686Z,[OBJECT HTMLDIVELEMENT],click
2024-06-27T07:16:00.820Z,[OBJECT HTMLVIDEOELEMENT],click
2024-06-27T07:16:58.060Z,[OBJECT HTMLINPUTELEMENT],click
2024-06-27T07:17:17.124Z,[OBJECT HTMLELEMENT],click
2024-06-27T07:17:17.320Z,[OBJECT HTMLELEMENT],click
2024-06-27T07:17:17.924Z,[OBJECT HTMLDIVELEMENT],click
2024-06-27T07:17:30.988Z,[OBJECT HTMLBUTTONELEMENT],click
2024-06-27T07:25:14.691Z,[OBJECT HTMLDIVELEMENT],click
2024-06-27T07:52:01.904Z,[OBJECT HTMLDIVELEMENT],click
2024-06-27T07:59:02.256Z,[OBJECT HTMLVIDEOELEMENT],click
2024-06-27T07:59:46.023Z,[OBJECT HTMLVIDEOELEMENT],click
2024-06-27T16:07:58.237Z,HTTPS://CHATGPT.COM/,access
2024-06-27T16:08:26.484Z,[OBJECT HTMLDIVELEMENT],click
2024-06-27T16:09:14.213Z,[OBJECT HTMLDIVELEMENT],click
2024-06-27T16:12:44.776Z,HTTPS://WWW.GOOGLE.COM/SEARCH?Q=DIRELETCH+DISTRIBUTION&RLZ=1C5CHFA_ENUS962US962&OQ=DIRELETCH+DISTRIBUTION&GS_LCRP=EGZJAHJVBWUYBGGAEEUYOTIHCAEQIRIGATIHCAIQIRIGATIHCAMQIRIGADIBCDGZMDZQMGO3QAIASAIA&SOURCEID=CHROME&IE=UTF-8,access
2024-06-27T16:12:47.758Z,HTTPS://EN.WIKIPEDIA.ORG/WIKI/DIRICHLET_DISTRIBUTION,access
2024-06-27T16:14:44.019Z,[OBJECT HTMLDIVELEMENT],click
2024-06-27T16:15:24.361Z,[OBJECT HTMLDIVELEMENT],click
2024-06-27T16:15:25.301Z,[OBJECT HTMLDIVELEMENT],click
2024-06-27T16:18:31.827Z,[OBJECT HTMLSPANELEMENT],click
2024-06-27T16:18:33.600Z,[OBJECT HTMLPARAGRAPHELEMENT],click
2024-06-27T16:19:38.843Z,[OBJECT HTMLDIVELEMENT],click
2024-06-27T16:19:51.036Z,[OBJECT HTMLPARAGRAPHELEMENT],click
2024-06-27T16:19:51.937Z,[OBJECT HTMLTEXTAREAELEMENT],click
2024-06-27T16:21:37.549Z,HTTPS://WWW.GOOGLE.COM/SEARCH?Q=CONJUGATE+PRIOR&RLZ=1C5CHFA_ENUS962US962&OQ=CONJUGATE+PRIOR&GS_LCRP=EGZJAHJVBWUYBGGAEEUYOTIHCAEQABIABDIMCAIQABGUGICCGIAEMGWIAXAAGEMYGAQYIGUYDAGEEAAYQXIABBIKBTIHCAUQABIABDIHCAYQABIABDIHCACQABIABDIHCAGQABIABDIHCAKQABIABNIBCDUXMZZQMGO3QAIASAIA&SOURCEID=CHROME&IE=UTF-8,access
2024-06-27T16:21:41.842Z,HTTPS://EN.WIKIPEDIA.ORG/WIKI/CONJUGATE_PRIOR,access
2024-06-27T16:21:53.632Z,HTTPS://EN.WIKIPEDIA.ORG/WIKI/POSTERIOR_PROBABILITY,click
2024-06-27T16:21:54.281Z,HTTPS://EN.WIKIPEDIA.ORG/WIKI/POSTERIOR_PROBABILITY,access
2024-06-27T16:22:00.875Z,HTTPS://EN.WIKIPEDIA.ORG/WIKI/CONJUGATE_PRIOR,access
2024-06-27T16:25:02.793Z,HTTPS://CHATGPT.COM/,access
2024-06-27T16:34:21.657Z,[OBJECT HTMLDIVELEMENT],click
2024-06-27T16:35:55.320Z,[OBJECT HTMLTEXTAREAELEMENT],click
2024-06-27T16:37:40.567Z,HTTPS://WWW.GOOGLE.COM/SEARCH?Q=WEIBULL+DISTRIBUTION&RLZ=1C5CHFA_ENUS962US962&OQ=WEIBUL&GS_LCRP=EGZJAHJVBWUQDWGAEAAYFBIHAHIXAXIABDIPCAAQABGUGICCGLEDGIAEMGCIARAAGIAEMGWIAHAAGBQYHWIYGAQYBGGDEEUYOTIHCAQQABIABDIHCAUQABIABDIHCAYQABIABDIHCACQABIABDIHCAGQABIABDIHCAKQABIABKGCALACAA&SOURCEID=CHROME&IE=UTF-8,access
2024-06-27T16:37:46.957Z,HTTPS://EN.WIKIPEDIA.ORG/WIKI/WEIBULL_DISTRIBUTION,access
2024-06-27T16:39:33.158Z,HTTPS://EN.WIKIPEDIA.ORG/WIKI/WALODDI_WEIBULL,click
2024-06-27T16:39:33.759Z,HTTPS://EN.WIKIPEDIA.ORG/WIKI/WALODDI_WEIBULL,access
2024-06-27T16:39:37.068Z,HTTPS://EN.WIKIPEDIA.ORG/WIKI/WEIBULL_DISTRIBUTION,access
2024-06-27T16:40:23.916Z,[OBJECT SVGSVGELEMENT],click
2024-06-27T16:41:16.702Z,[OBJECT HTMLDIVELEMENT],click
2024-06-27T16:46:05.588Z,[OBJECT HTMLSPANELEMENT],click
2024-06-27T16:46:06.613Z,HTTPS://EN.WIKIPEDIA.ORG/WIKI/HELP:IPA/ENGLISH,access
2024-06-27T16:46:14.851Z,HTTPS://WWW.GOOGLE.COM/SEARCH?Q=YOUTB&RLZ=1C5CHFA_ENUS962US962&OQ=YOUTB&GS_LCRP=EGZJAHJVBWUYBGGAEEUYOTISCAEQLHGKGMCBGLEDGNEDGIAEMGWIAHAAGAOYSQMYGAQYDAGDEAAYCHIXAXIABDIMCAQQABGKGLEDGIAEMGWIBRAAGAOYSQMYGAQYDAGGEAAYCHIXAXIABDIGCACQBRHA0GEHNZU1AJBQN6GCALACAA&SOURCEID=CHROME&IE=UTF-8,access
2024-06-27T16:46:18.298Z,HTTPS://WWW.YOUTUBE.COM/,access
2024-06-27T16:46:54.433Z,[OBJECT HTMLVIDEOELEMENT],click
2024-06-27T16:48:08.764Z,HTTPS://CHATGPT.COM/,click
2024-06-27T16:48:50.655Z,[OBJECT HTMLDIVELEMENT],click
2024-06-27T16:48:52.256Z,[OBJECT HTMLTEXTAREAELEMENT],click
2024-06-27T16:52:16.952Z,[OBJECT HTMLDIVELEMENT],click
2024-06-27T16:52:17.767Z,[OBJECT HTMLTEXTAREAELEMENT],click
2024-06-27T16:56:55.246Z,[OBJECT HTMLSPANELEMENT],click
2024-06-27T16:56:57.718Z,[OBJECT HTMLSPANELEMENT],click
2024-06-27T16:57:01.292Z,HTTPS://CHATGPT.COM/C/68CD8E40-0E21-460C-8CF2-13A2B2C4D2DB,click
2024-06-27T16:57:05.734Z,[OBJECT HTMLDIVELEMENT],click
2024-06-27T16:57:08.323Z,[OBJECT HTMLDIVELEMENT],click
2024-06-27T16:57:26.728Z,HTTPS://CHATGPT.COM/C/68CD8E40-0E21-460C-8CF2-13A2B2C4D2DB,click
2024-06-27T17:02:24.629Z,[OBJECT HTMLDIVELEMENT],click
2024-06-27T17:08:53.754Z,[OBJECT HTMLTEXTAREAELEMENT],click
2024-06-27T17:09:12.532Z,HTTPS://WWW.GOOGLE.COM/SEARCH?Q=RAYLEIGH+DISTRIBUTION&RLZ=1C5CHFA_ENUS962US962&OQ=RAYLEIGH+D&GS_LCRP=EGZJAHJVBWUQDAGAEAAYFBIHAHIABDIMCAAQABGUGICCGIAEMGYIARBFGDKYBWGCEAAYGAQYBWGDEAAYGAQYBWGEEAAYGAQYBWGFEAAYGAQYBWGGEAAYGAQYBWGHEAAYGAQYBWGIEAAYGAQYBWGJEAAYGASOAGCWAGA&SOURCEID=CHROME&IE=UTF-8,access
2024-06-27T17:09:19.825Z,HTTPS://EN.WIKIPEDIA.ORG/WIKI/RAYLEIGH_DISTRIBUTION,access
2024-06-27T17:10:00.602Z,[OBJECT HTMLDIVELEMENT],click
2024-06-27T17:11:04.804Z,[OBJECT HTMLDIVELEMENT],click
2024-06-27T17:11:05.457Z,[OBJECT SVGSVGELEMENT],click
2024-06-27T17:15:56.203Z,[OBJECT HTMLDIVELEMENT],click
2024-06-27T17:17:56.299Z,[OBJECT HTMLDIVELEMENT],click
2024-06-27T17:24:47.050Z,[OBJECT HTMLDIVELEMENT],click
2024-06-27T17:32:35.734Z,[OBJECT HTMLDIVELEMENT],click
2024-06-27T17:32:53.377Z,[OBJECT HTMLPARAGRAPHELEMENT],click
2024-06-27T17:33:05.166Z,HTTPS://WWW.GOOGLE.COM/SEARCH?Q=MULTINOMIAL+DISTRIBUTION&RLZ=1C5CHFA_ENUS962US962&OQ=MULTINOMIAL+DISTRIBUTION&GS_LCRP=EGZJAHJVBWUYDAGAEEUYORIXAXIABDIHCAEQABIABDIHCAIQABIABDIHCAMQABIABDIHCAQQABIABDIHCAUQABIABDIHCAYQABIABDIHCACQABIABDIHCAGQABIABDIHCAKQABIABKGCALACAA&SOURCEID=CHROME&IE=UTF-8,access
2024-06-27T17:33:09.398Z,HTTPS://EN.WIKIPEDIA.ORG/WIKI/MULTINOMIAL_DISTRIBUTION,access
2024-06-27T17:36:49.578Z,[OBJECT HTMLTEXTAREAELEMENT],click
2024-06-27T17:38:12.538Z,HTTPS://WWW.GOOGLE.COM/SEARCH?Q=WEIBULL+DISTRIBUTION&RLZ=1C5CHFA_ENUS962US962&OQ=WEIBUL&GS_LCRP=EGZJAHJVBWUQDAGAECMYJXIABBIKBTIMCAAQIXGNGIAEGIOFMGYIARBFGDKYBWGCEAAYGAQYDAGDEAAYFBIHAHIABDIHCAQQABIABDIHCAUQABIABDIHCAYQABIABDIMCACQABHDGIAEGIOFMGCICBAAGIAEMGCICRAAGIAEQAIASAIA&SOURCEID=CHROME&IE=UTF-8,access
2024-06-27T17:38:20.486Z,HTTPS://EN.WIKIPEDIA.ORG/WIKI/WEIBULL_DISTRIBUTION,access
2024-06-27T17:39:54.854Z,[OBJECT HTMLSPANELEMENT],click
2024-06-27T17:39:55.396Z,[OBJECT HTMLDIVELEMENT],click
2024-06-27T17:39:57.152Z,[OBJECT HTMLTEXTAREAELEMENT],click
2024-06-27T18:19:33.651Z,HTTPS://EN.WIKIPEDIA.ORG/WIKI/EXPONENTIAL_DISTRIBUTION,click
2024-06-27T18:19:37.086Z,HTTPS://EN.WIKIPEDIA.ORG/WIKI/EXPONENTIAL_DISTRIBUTION,access
2024-06-27T18:19:39.822Z,HTTPS://EN.WIKIPEDIA.ORG/WIKI/WEIBULL_DISTRIBUTION,access
2024-06-27T18:23:21.293Z,[OBJECT HTMLDIVELEMENT],click
2024-06-27T18:32:31.033Z,[OBJECT HTMLDIVELEMENT],click
2024-06-27T18:47:44.797Z,HTTPS://WWW.GOOGLE.COM/SEARCH?Q=GIBBS+SAMPLING&RLZ=1C5CHFA_ENUS962US962&OQ=GIBBS+SAM&GS_LCRP=EGZJAHJVBWUQBWGAEAAYGAQYBWGAEAAYGAQYBGGBEEUYOTIHCAIQABIABDIHCAMQABIABDIHCAQQABIABDIHCAUQABIABDIHCAYQABIABDIHCACQABIABDIHCAGQABIABDIHCAKQABIABKGCALACAA&SOURCEID=CHROME&IE=UTF-8,access
2024-06-27T18:47:48.925Z,HTTPS://EN.WIKIPEDIA.ORG/WIKI/GIBBS_SAMPLING,access
2024-06-27T19:01:40.196Z,HTTPS://WWW.GOOGLE.COM/SEARCH?Q=PERPLEXITY+METRIX&RLZ=1C5CHFA_ENUS962US962&OQ=PERPLEXITY+METRIX&GS_LCRP=EGZJAHJVBWUYBGGAEEUYOTIJCAEQABGKGIAEMGKIAHAAGAOYGAQYCQGDEAAYCHIABDIJCAQQABGKGIAEMGKIBRAAGAOYGAQYCQGGEAAYCHIABDIJCACQABGKGIAEMGKICBAAGAOYGAQYCQGJEAAYCHIABNIBCDM5MJLQMGO3QAIASAIA&SOURCEID=CHROME&IE=UTF-8,access
2024-06-27T19:01:49.969Z,HTTPS://EN.WIKIPEDIA.ORG/WIKI/PERPLEXITY,access
2024-06-27T19:27:00.797Z,HTTPS://DRIVE.GOOGLE.COM/DRIVE/U/0/MY-DRIVE,access
2024-06-27T19:27:03.467Z,[OBJECT HTMLINPUTELEMENT],click
2024-06-27T19:30:21.509Z,HTTPS://CHATGPT.COM/,access
2024-06-28T00:09:55.614Z,HTTPS://WWW.GOOGLE.COM/SEARCH?Q=IANA+SERVICE+NAME+AND+TRANSPORT+PROTOCOL+PORT+NUMBER+REGISTRY.&RLZ=1C5CHFA_ENUS962US962&OQ=IANA&GS_LCRP=EGZJAHJVBWUQCAGDEEUYJXG7MGWIABBFGDKYSQMYGAQYCGGBEC4YSQMYGAQYBWGCEC4YGAQYCAGDEEUYJXG7MGOIBBAAGLEDGIAEMGCIBRAAGIAEMGYIBHBFGDWYBGGHEEUYPNIBCDGZNDFQMGO3QAIASAIA&SOURCEID=CHROME&IE=UTF-8,access
2024-06-28T00:10:12.488Z,HTTPS://WWW.IANA.ORG/ASSIGNMENTS/SERVICE-NAMES-PORT-NUMBERS/SERVICE-NAMES-PORT-NUMBERS.XHTML,access
2024-06-28T00:12:24.151Z,HTTPS://EN.WIKIPEDIA.ORG/WIKI/PROXIMAL_POLICY_OPTIMIZATION,access
2024-06-28T00:12:52.534Z,HTTPS://ITINERARIUM.GITHUB.IO/PHONEME-SYNTHESIS/,access
2024-06-28T00:14:53.519Z,[OBJECT HTMLTABLECELLELEMENT],click
2024-06-28T00:14:53.662Z,[OBJECT HTMLTABLECELLELEMENT],click
2024-06-28T00:14:53.896Z,[OBJECT HTMLTABLECELLELEMENT],click
2024-06-28T00:14:54.399Z,[OBJECT HTMLTABLECELLELEMENT],click
2024-06-28T00:14:54.949Z,[OBJECT HTMLTABLECELLELEMENT],click
2024-06-28T00:14:55.131Z,[OBJECT HTMLTABLECELLELEMENT],click
2024-06-28T00:14:55.533Z,[OBJECT HTMLTABLECELLELEMENT],click
2024-06-28T00:16:19.403Z,HTTPS://WWW.GOOGLE.COM/SEARCH?Q=PYTHON+TO+C%2B%2B+CONVERTER&RLZ=1C5CHFA_ENUS962US962&OQ=PYTHON+TO+C%2B%2B&GS_LCRP=EGZJAHJVBWUQBWGAEAAYGAQYBWGAEAAYGAQYBGGBEEUYOTIHCAIQABIABDIHCAMQABIABDIHCAQQABIABDIHCAUQABIABDIHCAYQABIABDIHCACQABIABDIHCAGQABIABDIHCAKQABIABKGCALACAA&SOURCEID=CHROME&IE=UTF-8,access
2024-06-28T00:16:20.863Z,HTTPS://WWW.GOOGLE.COM/SEARCH?Q=PYTHON+TO+C%2B%2B+TRANSPILER&RLZ=1C5CHFA_ENUS962US962&OQ=PYTHON+TO+C%2B%2B+TRA&GS_LCRP=EGZJAHJVBWUQBWGAEAAYGAQYBWGAEAAYGAQYBWGBEAAYGAQYBGGCEEUYOTIICAMQABGWGB4YCAGEEAAYFHGEMGGIBRAAGBYYHJIICAYQABGWGB4YCAGHEAAYFHGEMGGICBAAGBYYHJIICAKQABGWGB6OAGCWAGA&SOURCEID=CHROME&IE=UTF-8,access
2024-06-28T00:16:25.336Z,HTTPS://WWW.REDDIT.COM/R/LEARNPYTHON/COMMENTS/12DEYVW/ARE_THERE_ANY_LIBRARIES_THAT_CAN_EASILY_CONVERT/,access
2024-06-28T00:16:44.228Z,HTTPS://WWW.GOOGLE.COM/SEARCH?Q=CYTHON&RLZ=1C5CHFA_ENUS962US962&OQ=CYTHON&GS_LCRP=EGZJAHJVBWUYEQGAEEUYORHDGLEDGIAEGIOFMGWIARAAGEMYGAQYIGUYDAGCEAAYQXIABBIKBTIMCAMQABHDGIAEGIOFMGWIBBAAGEMYGAQYIGUYDAGFEAAYQXIABBIKBTIMCAYQABGUGICCGIAEMGWIBXAAGEMYGAQYIGUYDAGIEAAYQXIABBIKBTIMCAKQABHDGIAEGIOFQAIASAIA&SOURCEID=CHROME&IE=UTF-8,access
2024-06-28T00:16:49.866Z,HTTPS://CHATGPT.COM/,access
2024-06-28T00:17:40.403Z,HTTPS://WWW.GOOGLE.COM/SEARCH?Q=SELENIUM+RUST&RLZ=1C5CHFA_ENUS962US962&OQ=SELENIUM+RUST&GS_LCRP=EGZJAHJVBWUQBWGAEAAYGAQYBWGAEAAYGAQYBWGBEAAYGAQYDAGCEAAYFBIHAHIABDIHCAMQABIABDIHCAQQABIABDIHCAUQABIABDIHCAYQABIABDIHCACQABIABDIHCAGQABIABDIHCAKQABIABNIBCDM0MDLQMGO3QAIASAIA&SOURCEID=CHROME&IE=UTF-8,access
2024-06-28T00:19:41.632Z,HTTPS://O365COLORADOEDU-MY.SHAREPOINT.COM/PERSONAL/STTS8241_COLORADO_EDU/_LAYOUTS/15/ONEDRIVE.ASPX?E=5%3A93F6AB95EA0A4C70A6F059C8328F1289&SHARINGV2=TRUE&FROMSHARE=TRUE&AT=9&CT=1717551776372&OR=OWA%2DNT%2DMAIL&CID=3404D552%2D5841%2DB98E%2DBA7D%2D9E568E20670D&CLICKPARAMS=EYJYLUFWCE5HBWUIOIJNAWNYB3NVZNQGT3V0BG9VAYBXZWIGQXBWIIWIWC1BCHBWZXJZAW9UIJOIMJAYNDA1MJQWMDMUMDKILCJPUYI6IK1HYYBPUYBYIHVUZGVMAW5LZCJ9&CIDOR=CLIENT&ID=%2FPERSONAL%2FSTTS8241%5FCOLORADO%5FEDU%2FDOCUMENTS%2FNETFLOW%20DATA&FOLDERCTID=0X012000ACC2642909693246B185522415A1ED57&VIEW=0,access
2024-06-28T00:20:36.890Z,HTTPS://EN.WIKIPEDIA.ORG/WIKI/WEIBULL_DISTRIBUTION,access
2024-06-28T00:20:44.585Z,HTTPS://EN.WIKIPEDIA.ORG/WIKI/MULTINOMIAL_DISTRIBUTION,access
2024-06-28T00:20:45.485Z,HTTPS://EN.WIKIPEDIA.ORG/WIKI/RAYLEIGH_DISTRIBUTION#APPLICATIONS,access
2024-06-28T00:20:46.318Z,HTTPS://EN.WIKIPEDIA.ORG/WIKI/CONJUGATE_PRIOR,access
2024-06-28T00:20:52.996Z,HTTPS://EN.WIKIPEDIA.ORG/WIKI/BETA_FUNCTION,click
2024-06-28T00:20:53.644Z,HTTPS://EN.WIKIPEDIA.ORG/WIKI/BETA_FUNCTION,access
2024-06-28T00:20:56.510Z,HTTPS://EN.WIKIPEDIA.ORG/WIKI/CONJUGATE_PRIOR,access
2024-06-28T00:24:04.744Z,HTTPS://FEDAUTH.COLORADO.EDU/IDP/PROFILE/SAML2/REDIRECT/SSO?EXECUTION=E1S2,access
2024-06-28T00:24:05.889Z,[OBJECT HTMLBUTTONELEMENT],click
2024-06-28T00:24:06.319Z,HTTPS://FEDAUTH.COLORADO.EDU/IDP/PROFILE/SAML2/REDIRECT/SSO?EXECUTION=E1S3,access
2024-06-28T00:24:06.511Z,HTTPS://FEDAUTH.COLORADO.EDU/IDP/PROFILE/SAML2/REDIRECT/SSO?EXECUTION=E1S3,access
2024-06-28T00:24:08.628Z,HTTPS://CANVAS.COLORADO.EDU/,access
2024-06-28T00:24:14.763Z,[OBJECT HTMLSPANELEMENT],click
2024-06-28T00:24:16.453Z,HTTPS://CANVAS.COLORADO.EDU/COURSES/104320/QUIZZES/390589,access
2024-06-28T00:24:21.961Z,HTTPS://CANVAS.COLORADO.EDU/,access
2024-06-28T00:25:26.417Z,HTTPS://O365COLORADOEDU-MY.SHAREPOINT.COM/:X:/R/PERSONAL/STTS8241_COLORADO_EDU/_LAYOUTS/15/DOC.ASPX?SOURCEDOC=%7B2BDBCF7D-7404-496F-8D6F-ABB097EBCFE4%7D&FILE=ALL_FILES_W_IP_HOSTNAME.CSV&ACTION=DEFAULT&MOBILEREDIRECT=TRUE&WDSLE=0,access
2024-06-28T00:25:49.861Z,[OBJECT HTMLELEMENT],click
2024-06-28T00:26:20.860Z,[OBJECT HTMLOLISTELEMENT],click
2024-06-28T00:41:49.999Z,HTTPS://WWW.IANA.ORG/ASSIGNMENTS/SERVICE-NAMES-PORT-NUMBERS/SERVICE-NAMES-PORT-NUMBERS.CSV,click
2024-06-28T00:41:53.725Z,HTTPS://WWW.IANA.ORG/ASSIGNMENTS/SERVICE-NAMES-PORT-NUMBERS/SERVICE-NAMES-PORT-NUMBERS.CSV,click
2024-06-28T00:44:18.643Z,HTTPS://WWW.GOOGLE.COM/SEARCH?Q=DEBATE+CSPAN+YOUTUBE&RLZ=1C5CHFA_ENUS962US962&OQ=DEBATE+CSPAN+YOUTUBE&GS_LCRP=EGZJAHJVBWUYBGGAEEUYOTIJCAEQIRGKGKABMGKIAHAHGAOYOAEYCQGDECEYCHIGATIJCAQQIRGKGKABMGKIBRAHGAOYOAEYBWGGECEYQWLSAQKXMDI2OGOWAJEOAGCWAGA&SOURCEID=CHROME&IE=UTF-8,access
2024-06-28T00:44:23.229Z,HTTPS://WWW.YOUTUBE.COM/CSPAN,access
2024-06-28T00:44:26.690Z,[OBJECT HTMLBUTTONELEMENT],click
